nameFirst,nameLast,tname
Altoona Mountain City,Ed,Curtis
Anaheim Angels,Mike,Scioscia
Anaheim Angels,Joe,Maddon
Anaheim Angels,Terry,Collins
Arizona Diamondbacks,Alan,Trammell
Arizona Diamondbacks,Buck,Showalter
Arizona Diamondbacks,Al,Pedrique
Arizona Diamondbacks,Bob,Melvin
Arizona Diamondbacks,A. J.,Hinch
Arizona Diamondbacks,Chip,Hale
Arizona Diamondbacks,Kirk,Gibson
Arizona Diamondbacks,Bob,Brenly
Atlanta Braves,Eddie,Mathews
Atlanta Braves,Clyde,King
Atlanta Braves,Billy,Hitchcock
Atlanta Braves,Bobby,Wine
Atlanta Braves,Ted,Turner
Atlanta Braves,Joe,Torre
Atlanta Braves,Chuck,Tanner
Atlanta Braves,Brian,Snitker
Atlanta Braves,Ken,Silvestri
Atlanta Braves,Connie,Ryan
Atlanta Braves,Russ,Nixon
Atlanta Braves,Lum,Harris
Atlanta Braves,Eddie,Haas
Atlanta Braves,Fredi,Gonzalez
Atlanta Braves,Bobby,Cox
Atlanta Braves,Dave,Bristol
Atlanta Braves,Bobby,Bragan
Atlanta Braves,Vern,Benson
Baltimore Monumentals,Bill,Henderson
Baltimore Orioles,John,Waltz
Baltimore Orioles,Ned,Hanlon
Baltimore Orioles,Billy,Barnie
Baltimore Orioles,Mike,Hargrove
Baltimore Orioles,Jimmy,Dykes
Baltimore Orioles,Hank,Bauer
Baltimore Orioles,Joe,Altobelli
Baltimore Orioles,Earl,Weaver
Baltimore Orioles,Dave,Trembley
Baltimore Orioles,Buck,Showalter
Baltimore Orioles,Juan,Samuel
Baltimore Orioles,Frank,Robinson
Baltimore Orioles,Cal,Ripken
Baltimore Orioles,Paul,Richards
Baltimore Orioles,Phil,Regan
Baltimore Orioles,Sam,Perlozzo
Baltimore Orioles,Johnny,Oates
Baltimore Orioles,Ray,Miller
Baltimore Orioles,Lee,Mazzilli
Baltimore Orioles,Davey,Johnson
Baltimore Orioles,Billy,Hitchcock
Baltimore Orioles,Lum,Harris
Boston Americans,Don,Zimmer
Boston Americans,Rudy,York
Boston Americans,Jimy,Williams
Boston Americans,Dick,Williams
Boston Americans,Pete,Runnels
Boston Americans,Lou,Boudreau
Boston Americans,Eddie,Popowski
Boston Americans,Ed,Barrow
Boston Americans,Johnny,Pesky
Boston Americans,Del,Baker
Boston Americans,Steve,O'Neill
Boston Americans,Joe,Morgan
Boston Americans,John,McNamara
Boston Americans,Joe,McCarthy
Boston Americans,Grady,Little
Boston Americans,Fred,Lake
Boston Americans,Joe,Kerrigan
Boston Americans,Kevin,Kennedy
Boston Americans,Eddie,Kasko
Boston Americans,Billy,Jurges
Boston Americans,Darrell,Johnson
Boston Americans,George,Huff
Boston Americans,Ralph,Houk
Boston Americans,Butch,Hobson
Boston Americans,Pinky,Higgins
Boston Americans,Billy,Herman
Boston Americans,Bucky,Harris
Boston Americans,Terry,Francona
Boston Americans,Lee,Fohl
Boston Americans,John,Farrell
Boston Americans,Hugh,Duffy
Boston Americans,Patsy,Donovan
Boston Americans,Joe,Cronin
Boston Americans,Shano,Collins
Boston Americans,Heinie,Wagner
Boston Americans,Frank,Chance
Boston Americans,Bobby,Valentine
Boston Americans,Bill,Carrigan
Boston Beaneaters,Bill,McKechnie
Boston Beaneaters,Tommy,Holmes
Boston Beaneaters,Jim,Hart
Boston Beaneaters,Charlie,Grimm
Boston Beaneaters,Judge,Fuchs
Boston Beaneaters,Johnny,Cooney
Boston Beaneaters,Bob,Coleman
Boston Beaneaters,Al,Buckenberger
Boston Beaneaters,Del,Bissonette
Boston Beaneaters,Harry,Wright
Boston Beaneaters,Casey,Stengel
Boston Beaneaters,George,Stallings
Boston Beaneaters,Billy,Southworth
Boston Beaneaters,Jack,Slattery
Boston Beaneaters,Frank,Selee
Boston Beaneaters,Fred,Mitchell
Boston Bees,Harry,Wright
Boston Bees,Casey,Stengel
Boston Bees,George,Stallings
Boston Bees,Billy,Southworth
Boston Bees,Jack,Slattery
Boston Bees,Frank,Selee
Boston Bees,Fred,Mitchell
Boston Bees,Bill,McKechnie
Boston Bees,Tommy,Holmes
Boston Bees,Jim,Hart
Boston Bees,Charlie,Grimm
Boston Bees,Judge,Fuchs
Boston Bees,Johnny,Cooney
Boston Bees,Bob,Coleman
Boston Bees,Al,Buckenberger
Boston Bees,Del,Bissonette
Boston Braves,Jim,Hart
Boston Braves,Charlie,Grimm
Boston Braves,Judge,Fuchs
Boston Braves,Johnny,Cooney
Boston Braves,Bob,Coleman
Boston Braves,Al,Buckenberger
Boston Braves,Del,Bissonette
Boston Braves,Harry,Wright
Boston Braves,Casey,Stengel
Boston Braves,George,Stallings
Boston Braves,Billy,Southworth
Boston Braves,Jack,Slattery
Boston Braves,Frank,Selee
Boston Braves,Fred,Mitchell
Boston Braves,Bill,McKechnie
Boston Braves,Tommy,Holmes
Boston Doves,Harry,Wright
Boston Doves,Casey,Stengel
Boston Doves,George,Stallings
Boston Doves,Billy,Southworth
Boston Doves,Jack,Slattery
Boston Doves,Frank,Selee
Boston Doves,Fred,Mitchell
Boston Doves,Bill,McKechnie
Boston Doves,Tommy,Holmes
Boston Doves,Jim,Hart
Boston Doves,Charlie,Grimm
Boston Doves,Judge,Fuchs
Boston Doves,Johnny,Cooney
Boston Doves,Bob,Coleman
Boston Doves,Al,Buckenberger
Boston Doves,Del,Bissonette
Boston Red Caps,Casey,Stengel
Boston Red Caps,George,Stallings
Boston Red Caps,Billy,Southworth
Boston Red Caps,Jack,Slattery
Boston Red Caps,Frank,Selee
Boston Red Caps,Fred,Mitchell
Boston Red Caps,Bill,McKechnie
Boston Red Caps,Tommy,Holmes
Boston Red Caps,Jim,Hart
Boston Red Caps,Charlie,Grimm
Boston Red Caps,Judge,Fuchs
Boston Red Caps,Johnny,Cooney
Boston Red Caps,Bob,Coleman
Boston Red Caps,Al,Buckenberger
Boston Red Caps,Del,Bissonette
Boston Red Caps,Harry,Wright
Boston Red Sox,Butch,Hobson
Boston Red Sox,Pinky,Higgins
Boston Red Sox,Billy,Herman
Boston Red Sox,Bucky,Harris
Boston Red Sox,Terry,Francona
Boston Red Sox,Lee,Fohl
Boston Red Sox,John,Farrell
Boston Red Sox,Don,Zimmer
Boston Red Sox,Hugh,Duffy
Boston Red Sox,Rudy,York
Boston Red Sox,Patsy,Donovan
Boston Red Sox,Jimy,Williams
Boston Red Sox,Joe,Cronin
Boston Red Sox,Dick,Williams
Boston Red Sox,Shano,Collins
Boston Red Sox,Heinie,Wagner
Boston Red Sox,Frank,Chance
Boston Red Sox,Bobby,Valentine
Boston Red Sox,Bill,Carrigan
Boston Red Sox,Pete,Runnels
Boston Red Sox,Lou,Boudreau
Boston Red Sox,Eddie,Popowski
Boston Red Sox,Ed,Barrow
Boston Red Sox,Johnny,Pesky
Boston Red Sox,Del,Baker
Boston Red Sox,Steve,O'Neill
Boston Red Sox,Joe,Morgan
Boston Red Sox,John,McNamara
Boston Red Sox,Joe,McCarthy
Boston Red Sox,Grady,Little
Boston Red Sox,Fred,Lake
Boston Red Sox,Joe,Kerrigan
Boston Red Sox,Kevin,Kennedy
Boston Red Sox,Eddie,Kasko
Boston Red Sox,Billy,Jurges
Boston Red Sox,Darrell,Johnson
Boston Red Sox,George,Huff
Boston Red Sox,Ralph,Houk
Boston Rustlers,Harry,Wright
Boston Rustlers,Casey,Stengel
Boston Rustlers,George,Stallings
Boston Rustlers,Billy,Southworth
Boston Rustlers,Jack,Slattery
Boston Rustlers,Frank,Selee
Boston Rustlers,Fred,Mitchell
Boston Rustlers,Bill,McKechnie
Boston Rustlers,Tommy,Holmes
Boston Rustlers,Jim,Hart
Boston Rustlers,Charlie,Grimm
Boston Rustlers,Judge,Fuchs
Boston Rustlers,Johnny,Cooney
Boston Rustlers,Bob,Coleman
Boston Rustlers,Al,Buckenberger
Boston Rustlers,Del,Bissonette
Brooklyn Atlantics,George,Taylor
Brooklyn Atlantics,Bill,McGunnigle
Brooklyn Atlantics,Charlie,Hackett
Brooklyn Atlantics,Charlie,Byrne
Brooklyn Bridegrooms,Casey,Stengel
Brooklyn Bridegrooms,Burt,Shotton
Brooklyn Bridegrooms,Wilbert,Robinson
Brooklyn Bridegrooms,Ned,Hanlon
Brooklyn Bridegrooms,Burleigh,Grimes
Brooklyn Bridegrooms,Charlie,Ebbets
Brooklyn Bridegrooms,Leo,Durocher
Brooklyn Bridegrooms,Chuck,Dressen
Brooklyn Bridegrooms,Patsy,Donovan
Brooklyn Bridegrooms,Bill,Dahlen
Brooklyn Bridegrooms,Max,Carey
Brooklyn Bridegrooms,Ray,Blades
Brooklyn Bridegrooms,Billy,Barnie
Brooklyn Bridegrooms,Walter,Alston
Brooklyn Bridegrooms,George,Taylor
Brooklyn Bridegrooms,Bill,McGunnigle
Brooklyn Bridegrooms,Charlie,Hackett
Brooklyn Bridegrooms,Charlie,Byrne
Brooklyn Bridegrooms,Clyde,Sukeforth
Brooklyn Dodgers,Ray,Blades
Brooklyn Dodgers,Billy,Barnie
Brooklyn Dodgers,Walter,Alston
Brooklyn Dodgers,Clyde,Sukeforth
Brooklyn Dodgers,Casey,Stengel
Brooklyn Dodgers,Burt,Shotton
Brooklyn Dodgers,Wilbert,Robinson
Brooklyn Dodgers,Bill,McGunnigle
Brooklyn Dodgers,Ned,Hanlon
Brooklyn Dodgers,Burleigh,Grimes
Brooklyn Dodgers,Charlie,Ebbets
Brooklyn Dodgers,Leo,Durocher
Brooklyn Dodgers,Chuck,Dressen
Brooklyn Dodgers,Patsy,Donovan
Brooklyn Dodgers,Bill,Dahlen
Brooklyn Dodgers,Max,Carey
Brooklyn Gladiators,Jim,Kennedy
Brooklyn Grays,George,Taylor
Brooklyn Grays,Bill,McGunnigle
Brooklyn Grays,Charlie,Hackett
Brooklyn Grays,Charlie,Byrne
Brooklyn Grooms,Clyde,Sukeforth
Brooklyn Grooms,Casey,Stengel
Brooklyn Grooms,Burt,Shotton
Brooklyn Grooms,Wilbert,Robinson
Brooklyn Grooms,Bill,McGunnigle
Brooklyn Grooms,Ned,Hanlon
Brooklyn Grooms,Burleigh,Grimes
Brooklyn Grooms,Charlie,Ebbets
Brooklyn Grooms,Leo,Durocher
Brooklyn Grooms,Chuck,Dressen
Brooklyn Grooms,Patsy,Donovan
Brooklyn Grooms,Bill,Dahlen
Brooklyn Grooms,Max,Carey
Brooklyn Grooms,Ray,Blades
Brooklyn Grooms,Billy,Barnie
Brooklyn Grooms,Walter,Alston
Brooklyn Robins,Clyde,Sukeforth
Brooklyn Robins,Casey,Stengel
Brooklyn Robins,Burt,Shotton
Brooklyn Robins,Wilbert,Robinson
Brooklyn Robins,Bill,McGunnigle
Brooklyn Robins,Ned,Hanlon
Brooklyn Robins,Burleigh,Grimes
Brooklyn Robins,Charlie,Ebbets
Brooklyn Robins,Leo,Durocher
Brooklyn Robins,Chuck,Dressen
Brooklyn Robins,Patsy,Donovan
Brooklyn Robins,Bill,Dahlen
Brooklyn Robins,Max,Carey
Brooklyn Robins,Ray,Blades
Brooklyn Robins,Billy,Barnie
Brooklyn Robins,Walter,Alston
Brooklyn Superbas,Chuck,Dressen
Brooklyn Superbas,Patsy,Donovan
Brooklyn Superbas,Bill,Dahlen
Brooklyn Superbas,Max,Carey
Brooklyn Superbas,Ray,Blades
Brooklyn Superbas,Billy,Barnie
Brooklyn Superbas,Walter,Alston
Brooklyn Superbas,Clyde,Sukeforth
Brooklyn Superbas,Casey,Stengel
Brooklyn Superbas,Burt,Shotton
Brooklyn Superbas,Wilbert,Robinson
Brooklyn Superbas,Bill,McGunnigle
Brooklyn Superbas,Ned,Hanlon
Brooklyn Superbas,Burleigh,Grimes
Brooklyn Superbas,Charlie,Ebbets
Brooklyn Superbas,Leo,Durocher
Brooklyn Tip-Tops,John,Ganzel
Buffalo Bisons,Jack,Chapman
Buffalo Blues,Larry,Schlafly
Buffalo Buffeds,Larry,Schlafly
California Angels,Bobby,Winkles
California Angels,Dick,Williams
California Angels,John,Wathan
California Angels,Moose,Stubing
California Angels,Norm,Sherry
California Angels,Cookie,Rojas
California Angels,Buck,Rodgers
California Angels,Bill,Rigney
California Angels,Del,Rice
California Angels,Doug,Rader
California Angels,Lefty,Phillips
California Angels,John,McNamara
California Angels,Gene,Mauch
California Angels,Joe,Maddon
California Angels,Marcel,Lachemann
California Angels,Whitey,Herzog
California Angels,Dave,Garcia
California Angels,Jim,Fregosi
Chicago Colts,Gene,Michael
Chicago Colts,Charlie,Metro
Chicago Colts,Joe,McCarthy
Chicago Colts,Jim,Marshall
Chicago Colts,Joe,Maddon
Chicago Colts,Frank,Lucchesi
Chicago Colts,Tom,Loftus
Chicago Colts,Whitey,Lockman
Chicago Colts,Jim,Lefebvre
Chicago Colts,Rene,Lachemann
Chicago Colts,Lou,Klein
Chicago Colts,Bruce,Kimm
Chicago Colts,Bill,Killefer
Chicago Colts,Bob,Kennedy
Chicago Colts,Roy,Johnson
Chicago Colts,Don,Zimmer
Chicago Colts,Vedie,Himsl
Chicago Colts,Jimmie,Wilson
Chicago Colts,Stan,Hack
Chicago Colts,John,Vukovich
Chicago Colts,Charlie,Grimm
Chicago Colts,Tom,Trebelhorn
Chicago Colts,Preston,Gomez
Chicago Colts,El,Tappe
Chicago Colts,George,Gibson
Chicago Colts,Dale,Sveum
Chicago Colts,Frankie,Frisch
Chicago Colts,Frank,Selee
Chicago Colts,Jim,Frey
Chicago Colts,Bob,Scheffing
Chicago Colts,Herman,Franks
Chicago Colts,Jim,Riggleman
Chicago Colts,Charlie,Fox
Chicago Colts,Rich,Renteria
Chicago Colts,Johnny,Evers
Chicago Colts,Mike,Quade
Chicago Colts,Jim,Essian
Chicago Colts,Lou,Piniella
Chicago Colts,Lee,Elia
Chicago Colts,Hank,O'Day
Chicago Colts,Leo,Durocher
Chicago Colts,Fred,Mitchell
Chicago Colts,Harry,Craft
Chicago Colts,Tom,Burns
Chicago Colts,Lou,Boudreau
Chicago Colts,Don,Baylor
Chicago Colts,Dusty,Baker
Chicago Colts,Joey,Amalfitano
Chicago Colts,Joe,Altobelli
Chicago Cubs,Don,Zimmer
Chicago Cubs,Jimmie,Wilson
Chicago Cubs,John,Vukovich
Chicago Cubs,Tom,Trebelhorn
Chicago Cubs,El,Tappe
Chicago Cubs,Dale,Sveum
Chicago Cubs,Frank,Selee
Chicago Cubs,Bob,Scheffing
Chicago Cubs,Jim,Riggleman
Chicago Cubs,Rich,Renteria
Chicago Cubs,Mike,Quade
Chicago Cubs,Lou,Piniella
Chicago Cubs,Hank,O'Day
Chicago Cubs,Fred,Mitchell
Chicago Cubs,Gene,Michael
Chicago Cubs,Charlie,Metro
Chicago Cubs,Joe,McCarthy
Chicago Cubs,Whitey,Lockman
Chicago Cubs,Jim,Lefebvre
Chicago Cubs,Rene,Lachemann
Chicago Cubs,Lou,Klein
Chicago Cubs,Bruce,Kimm
Chicago Cubs,Bill,Killefer
Chicago Cubs,Bob,Kennedy
Chicago Cubs,Roy,Johnson
Chicago Cubs,Vedie,Himsl
Chicago Cubs,Stan,Hack
Chicago Cubs,Charlie,Grimm
Chicago Cubs,Preston,Gomez
Chicago Cubs,George,Gibson
Chicago Cubs,Frankie,Frisch
Chicago Cubs,Jim,Frey
Chicago Cubs,Herman,Franks
Chicago Cubs,Charlie,Fox
Chicago Cubs,Johnny,Evers
Chicago Cubs,Jim,Essian
Chicago Cubs,Lee,Elia
Chicago Cubs,Leo,Durocher
Chicago Cubs,Harry,Craft
Chicago Cubs,Tom,Burns
Chicago Cubs,Lou,Boudreau
Chicago Cubs,Don,Baylor
Chicago Cubs,Jim,Marshall
Chicago Cubs,Dusty,Baker
Chicago Cubs,Joe,Maddon
Chicago Cubs,Joey,Amalfitano
Chicago Cubs,Frank,Lucchesi
Chicago Cubs,Joe,Altobelli
Chicago Cubs,Tom,Loftus
Chicago Orphans,Jimmie,Wilson
Chicago Orphans,John,Vukovich
Chicago Orphans,Tom,Trebelhorn
Chicago Orphans,El,Tappe
Chicago Orphans,Dale,Sveum
Chicago Orphans,Frank,Selee
Chicago Orphans,Bob,Scheffing
Chicago Orphans,Jim,Riggleman
Chicago Orphans,Rich,Renteria
Chicago Orphans,Mike,Quade
Chicago Orphans,Lou,Piniella
Chicago Orphans,Hank,O'Day
Chicago Orphans,Fred,Mitchell
Chicago Orphans,Gene,Michael
Chicago Orphans,Charlie,Metro
Chicago Orphans,Joe,McCarthy
Chicago Orphans,Jim,Marshall
Chicago Orphans,Joe,Maddon
Chicago Orphans,Frank,Lucchesi
Chicago Orphans,Tom,Loftus
Chicago Orphans,Whitey,Lockman
Chicago Orphans,Jim,Lefebvre
Chicago Orphans,Rene,Lachemann
Chicago Orphans,Lou,Klein
Chicago Orphans,Bruce,Kimm
Chicago Orphans,Bill,Killefer
Chicago Orphans,Bob,Kennedy
Chicago Orphans,Don,Zimmer
Chicago Orphans,Vedie,Himsl
Chicago Orphans,Stan,Hack
Chicago Orphans,Charlie,Grimm
Chicago Orphans,Preston,Gomez
Chicago Orphans,George,Gibson
Chicago Orphans,Frankie,Frisch
Chicago Orphans,Jim,Frey
Chicago Orphans,Herman,Franks
Chicago Orphans,Charlie,Fox
Chicago Orphans,Johnny,Evers
Chicago Orphans,Jim,Essian
Chicago Orphans,Lee,Elia
Chicago Orphans,Leo,Durocher
Chicago Orphans,Harry,Craft
Chicago Orphans,Tom,Burns
Chicago Orphans,Lou,Boudreau
Chicago Orphans,Don,Baylor
Chicago Orphans,Dusty,Baker
Chicago Orphans,Joey,Amalfitano
Chicago Orphans,Joe,Altobelli
Chicago Orphans,Roy,Johnson
Chicago White Sox,Larry,Doby
Chicago White Sox,Red,Corriden
Chicago White Sox,Don,Cooper
Chicago White Sox,Jimmy,Callahan
Chicago White Sox,Ed,Walsh
Chicago White Sox,Donie,Bush
Chicago White Sox,Robin,Ventura
Chicago White Sox,Lena,Blackburne
Chicago White Sox,Jeff,Torborg
Chicago White Sox,Terry,Bevington
Chicago White Sox,Chuck,Tanner
Chicago White Sox,Bill,Adair
Chicago White Sox,Eddie,Stanky
Chicago White Sox,Pants,Rowland
Chicago White Sox,Paul,Richards
Chicago White Sox,Doug,Rader
Chicago White Sox,Jack,Onslow
Chicago White Sox,Les,Moss
Chicago White Sox,Marty,Marion
Chicago White Sox,Jerry,Manuel
Chicago White Sox,Ted,Lyons
Chicago White Sox,Al,Lopez
Chicago White Sox,Bob,Lemon
Chicago White Sox,Tony,LaRussa
Chicago White Sox,Gene,Lamont
Chicago White Sox,Don,Gutteridge
Chicago White Sox,Ozzie,Guillen
Chicago White Sox,Kid,Gleason
Chicago White Sox,Jim,Fregosi
Chicago White Sox,Lew,Fonseca
Chicago White Sox,Johnny,Evers
Chicago White Sox,Jimmy,Dykes
Chicago White Sox,Hugh,Duffy
Chicago White Stockings,Fred,Mitchell
Chicago White Stockings,Harry,Craft
Chicago White Stockings,Gene,Michael
Chicago White Stockings,Tom,Burns
Chicago White Stockings,Charlie,Metro
Chicago White Stockings,Lou,Boudreau
Chicago White Stockings,Joe,McCarthy
Chicago White Stockings,Don,Baylor
Chicago White Stockings,Jim,Marshall
Chicago White Stockings,Dusty,Baker
Chicago White Stockings,Joe,Maddon
Chicago White Stockings,Joey,Amalfitano
Chicago White Stockings,Frank,Lucchesi
Chicago White Stockings,Joe,Altobelli
Chicago White Stockings,Tom,Loftus
Chicago White Stockings,Whitey,Lockman
Chicago White Stockings,Jim,Lefebvre
Chicago White Stockings,Rene,Lachemann
Chicago White Stockings,Lou,Klein
Chicago White Stockings,Bruce,Kimm
Chicago White Stockings,Bill,Killefer
Chicago White Stockings,Bob,Kennedy
Chicago White Stockings,Roy,Johnson
Chicago White Stockings,Don,Zimmer
Chicago White Stockings,Vedie,Himsl
Chicago White Stockings,Jimmie,Wilson
Chicago White Stockings,Stan,Hack
Chicago White Stockings,John,Vukovich
Chicago White Stockings,Charlie,Grimm
Chicago White Stockings,Tom,Trebelhorn
Chicago White Stockings,Preston,Gomez
Chicago White Stockings,El,Tappe
Chicago White Stockings,George,Gibson
Chicago White Stockings,Dale,Sveum
Chicago White Stockings,Frankie,Frisch
Chicago White Stockings,Frank,Selee
Chicago White Stockings,Jim,Frey
Chicago White Stockings,Bob,Scheffing
Chicago White Stockings,Herman,Franks
Chicago White Stockings,Jim,Riggleman
Chicago White Stockings,Charlie,Fox
Chicago White Stockings,Rich,Renteria
Chicago White Stockings,Johnny,Evers
Chicago White Stockings,Mike,Quade
Chicago White Stockings,Jim,Essian
Chicago White Stockings,Lou,Piniella
Chicago White Stockings,Jimmy,Wood
Chicago White Stockings,Lee,Elia
Chicago White Stockings,Hank,O'Day
Chicago White Stockings,Leo,Durocher
Chicago/Pittsburgh (Union League),Ed,Hengel
Cincinnati Red Stockings,Ollie,Caylor
Cincinnati Red Stockings,Gus,Schmelz
Cincinnati Redlegs,Pete,Mackanin
Cincinnati Redlegs,Tom,Loftus
Cincinnati Redlegs,Ray,Knight
Cincinnati Redlegs,Davey,Johnson
Cincinnati Redlegs,Fred,Hutchinson
Cincinnati Redlegs,Bucky,Walters
Cincinnati Redlegs,Dan,Howley
Cincinnati Redlegs,Bobby,Wallace
Cincinnati Redlegs,Rogers,Hornsby
Cincinnati Redlegs,Birdie,Tebbetts
Cincinnati Redlegs,Jack,Hendricks
Cincinnati Redlegs,Mayo,Smith
Cincinnati Redlegs,Tommy,Helms
Cincinnati Redlegs,Dick,Sisler
Cincinnati Redlegs,Don,Heffner
Cincinnati Redlegs,Burt,Shotton
Cincinnati Redlegs,Ned,Hanlon
Cincinnati Redlegs,Luke,Sewell
Cincinnati Redlegs,Clark,Griffith
Cincinnati Redlegs,Pete,Rose
Cincinnati Redlegs,Hank,Gowdy
Cincinnati Redlegs,Vern,Rapp
Cincinnati Redlegs,Buck,Ewing
Cincinnati Redlegs,Bryan,Price
Cincinnati Redlegs,Jimmy,Dykes
Cincinnati Redlegs,Lou,Piniella
Cincinnati Redlegs,Chuck,Dressen
Cincinnati Redlegs,Tony,Perez
Cincinnati Redlegs,Donie,Bush
Cincinnati Redlegs,Hank,O'Day
Cincinnati Redlegs,Earle,Brucker
Cincinnati Redlegs,Russ,Nixon
Cincinnati Redlegs,Dave,Bristol
Cincinnati Redlegs,Johnny,Neun
Cincinnati Redlegs,Bob,Boone
Cincinnati Redlegs,Jerry,Narron
Cincinnati Redlegs,Frank,Bancroft
Cincinnati Redlegs,Pat,Moran
Cincinnati Redlegs,Dusty,Baker
Cincinnati Redlegs,Buster,Mills
Cincinnati Redlegs,Sparky,Anderson
Cincinnati Redlegs,Dave,Miley
Cincinnati Redlegs,Bid,McPhee
Cincinnati Redlegs,John,McNamara
Cincinnati Redlegs,Jack,McKeon
Cincinnati Redlegs,Bill,McKechnie
Cincinnati Redlegs,Christy,Mathewson
Cincinnati Reds,Bill,McKechnie
Cincinnati Reds,Christy,Mathewson
Cincinnati Reds,Pete,Mackanin
Cincinnati Reds,Tom,Loftus
Cincinnati Reds,Ray,Knight
Cincinnati Reds,Davey,Johnson
Cincinnati Reds,Fred,Hutchinson
Cincinnati Reds,Bucky,Walters
Cincinnati Reds,Dan,Howley
Cincinnati Reds,Bobby,Wallace
Cincinnati Reds,Rogers,Hornsby
Cincinnati Reds,Birdie,Tebbetts
Cincinnati Reds,Jack,Hendricks
Cincinnati Reds,Mayo,Smith
Cincinnati Reds,Tommy,Helms
Cincinnati Reds,Dick,Sisler
Cincinnati Reds,Don,Heffner
Cincinnati Reds,Burt,Shotton
Cincinnati Reds,Ned,Hanlon
Cincinnati Reds,Luke,Sewell
Cincinnati Reds,Clark,Griffith
Cincinnati Reds,Pete,Rose
Cincinnati Reds,Hank,Gowdy
Cincinnati Reds,Vern,Rapp
Cincinnati Reds,Buck,Ewing
Cincinnati Reds,Bryan,Price
Cincinnati Reds,Jimmy,Dykes
Cincinnati Reds,Lou,Piniella
Cincinnati Reds,Chuck,Dressen
Cincinnati Reds,Tony,Perez
Cincinnati Reds,Donie,Bush
Cincinnati Reds,Hank,O'Day
Cincinnati Reds,Earle,Brucker
Cincinnati Reds,Russ,Nixon
Cincinnati Reds,Dave,Bristol
Cincinnati Reds,Johnny,Neun
Cincinnati Reds,Bob,Boone
Cincinnati Reds,Jerry,Narron
Cincinnati Reds,Frank,Bancroft
Cincinnati Reds,Pat,Moran
Cincinnati Reds,Dusty,Baker
Cincinnati Reds,Buster,Mills
Cincinnati Reds,Sparky,Anderson
Cincinnati Reds,Dave,Miley
Cincinnati Reds,Bid,McPhee
Cincinnati Reds,John,McNamara
Cincinnati Reds,Jack,McKeon
Cleveland Blues,Jimmy,Williams
Cleveland Blues,Tom,Loftus
Cleveland Blues,Charlie,Hackett
Cleveland Blues,Frank,Bancroft
Cleveland Blues,Joe,Gordon
Cleveland Blues,Dave,Garcia
Cleveland Blues,Terry,Francona
Cleveland Blues,Lee,Fohl
Cleveland Blues,Mike,Ferraro
Cleveland Blues,Kerby,Farrell
Cleveland Blues,Bibb,Falk
Cleveland Blues,Doc,Edwards
Cleveland Blues,Jo-Jo,White
Cleveland Blues,Jimmy,Dykes
Cleveland Blues,Eric,Wedge
Cleveland Blues,Al,Dark
Cleveland Blues,Ossie,Vitt
Cleveland Blues,Pat,Corrales
Cleveland Blues,Jeff,Torborg
Cleveland Blues,Bobby,Bragan
Cleveland Blues,Birdie,Tebbetts
Cleveland Blues,Joe,Birmingham
Cleveland Blues,George,Strickland
Cleveland Blues,Ken,Aspromonte
Cleveland Blues,Joel,Skinner
Cleveland Blues,Bill,Armour
Cleveland Blues,Frank,Robinson
Cleveland Blues,Sandy,Alomar
Cleveland Blues,Roger,Peckinpaugh
Cleveland Blues,Joe,Adcock
Cleveland Blues,Steve,O'Neill
Cleveland Blues,Manny,Acta
Cleveland Blues,John,McNamara
Cleveland Blues,Deacon,McGuire
Cleveland Blues,Mel,McGaha
Cleveland Blues,Jack,McCallister
Cleveland Blues,Charlie,Manuel
Cleveland Blues,Al,Lopez
Cleveland Blues,Johnny,Lipon
Cleveland Blues,Walter,Johnson
Cleveland Blues,John,Hart
Cleveland Blues,Mike,Hargrove
Cleveland Blues,Mel,Harder
Cleveland Bronchos,Johnny,Lipon
Cleveland Bronchos,Walter,Johnson
Cleveland Bronchos,John,Hart
Cleveland Bronchos,Mike,Hargrove
Cleveland Bronchos,Mel,Harder
Cleveland Bronchos,Joe,Gordon
Cleveland Bronchos,Dave,Garcia
Cleveland Bronchos,Terry,Francona
Cleveland Bronchos,Lee,Fohl
Cleveland Bronchos,Mike,Ferraro
Cleveland Bronchos,Kerby,Farrell
Cleveland Bronchos,Bibb,Falk
Cleveland Bronchos,Doc,Edwards
Cleveland Bronchos,Jo-Jo,White
Cleveland Bronchos,Jimmy,Dykes
Cleveland Bronchos,Eric,Wedge
Cleveland Bronchos,Al,Dark
Cleveland Bronchos,Ossie,Vitt
Cleveland Bronchos,Pat,Corrales
Cleveland Bronchos,Jeff,Torborg
Cleveland Bronchos,Bobby,Bragan
Cleveland Bronchos,Birdie,Tebbetts
Cleveland Bronchos,Joe,Birmingham
Cleveland Bronchos,George,Strickland
Cleveland Bronchos,Ken,Aspromonte
Cleveland Bronchos,Joel,Skinner
Cleveland Bronchos,Bill,Armour
Cleveland Bronchos,Frank,Robinson
Cleveland Bronchos,Sandy,Alomar
Cleveland Bronchos,Roger,Peckinpaugh
Cleveland Bronchos,Joe,Adcock
Cleveland Bronchos,Steve,O'Neill
Cleveland Bronchos,Manny,Acta
Cleveland Bronchos,John,McNamara
Cleveland Bronchos,Deacon,McGuire
Cleveland Bronchos,Mel,McGaha
Cleveland Bronchos,Jack,McCallister
Cleveland Bronchos,Charlie,Manuel
Cleveland Bronchos,Al,Lopez
Cleveland Indians,Pat,Corrales
Cleveland Indians,Jeff,Torborg
Cleveland Indians,Bobby,Bragan
Cleveland Indians,Birdie,Tebbetts
Cleveland Indians,Joe,Birmingham
Cleveland Indians,George,Strickland
Cleveland Indians,Ken,Aspromonte
Cleveland Indians,Joel,Skinner
Cleveland Indians,Bill,Armour
Cleveland Indians,Frank,Robinson
Cleveland Indians,Sandy,Alomar
Cleveland Indians,Roger,Peckinpaugh
Cleveland Indians,Joe,Adcock
Cleveland Indians,Steve,O'Neill
Cleveland Indians,Manny,Acta
Cleveland Indians,John,McNamara
Cleveland Indians,Deacon,McGuire
Cleveland Indians,Mel,McGaha
Cleveland Indians,Jack,McCallister
Cleveland Indians,Charlie,Manuel
Cleveland Indians,Al,Lopez
Cleveland Indians,Johnny,Lipon
Cleveland Indians,Walter,Johnson
Cleveland Indians,John,Hart
Cleveland Indians,Mike,Hargrove
Cleveland Indians,Mel,Harder
Cleveland Indians,Joe,Gordon
Cleveland Indians,Dave,Garcia
Cleveland Indians,Terry,Francona
Cleveland Indians,Lee,Fohl
Cleveland Indians,Mike,Ferraro
Cleveland Indians,Kerby,Farrell
Cleveland Indians,Bibb,Falk
Cleveland Indians,Doc,Edwards
Cleveland Indians,Jo-Jo,White
Cleveland Indians,Jimmy,Dykes
Cleveland Indians,Eric,Wedge
Cleveland Indians,Al,Dark
Cleveland Indians,Ossie,Vitt
Cleveland Naps,Jo-Jo,White
Cleveland Naps,Jimmy,Dykes
Cleveland Naps,Eric,Wedge
Cleveland Naps,Al,Dark
Cleveland Naps,Ossie,Vitt
Cleveland Naps,Pat,Corrales
Cleveland Naps,Jeff,Torborg
Cleveland Naps,Bobby,Bragan
Cleveland Naps,Birdie,Tebbetts
Cleveland Naps,Joe,Birmingham
Cleveland Naps,George,Strickland
Cleveland Naps,Ken,Aspromonte
Cleveland Naps,Joel,Skinner
Cleveland Naps,Bill,Armour
Cleveland Naps,Frank,Robinson
Cleveland Naps,Sandy,Alomar
Cleveland Naps,Roger,Peckinpaugh
Cleveland Naps,Joe,Adcock
Cleveland Naps,Steve,O'Neill
Cleveland Naps,Manny,Acta
Cleveland Naps,John,McNamara
Cleveland Naps,Deacon,McGuire
Cleveland Naps,Mel,McGaha
Cleveland Naps,Jack,McCallister
Cleveland Naps,Charlie,Manuel
Cleveland Naps,Al,Lopez
Cleveland Naps,Johnny,Lipon
Cleveland Naps,Walter,Johnson
Cleveland Naps,John,Hart
Cleveland Naps,Mike,Hargrove
Cleveland Naps,Mel,Harder
Cleveland Naps,Joe,Gordon
Cleveland Naps,Dave,Garcia
Cleveland Naps,Terry,Francona
Cleveland Naps,Lee,Fohl
Cleveland Naps,Mike,Ferraro
Cleveland Naps,Kerby,Farrell
Cleveland Naps,Bibb,Falk
Cleveland Naps,Doc,Edwards
Cleveland Spiders,Gus,Schmelz
Cleveland Spiders,Tom,Loftus
Cleveland Spiders,Bob,Leadley
Colorado Rockies,Walt,Weiss
Colorado Rockies,Jim,Tracy
Colorado Rockies,Jim,Leyland
Colorado Rockies,Clint,Hurdle
Colorado Rockies,Buddy,Bell
Colorado Rockies,Don,Baylor
Columbus Buckeyes,Gus,Schmelz
Columbus Buckeyes,Horace,Phillips
Columbus Solons,Pat,Sullivan
Columbus Solons,Gus,Schmelz
Columbus Solons,Al,Buckenberger
Detroit Tigers,Alan,Trammell
Detroit Tigers,Dick,Tracewski
Detroit Tigers,Jack,Tighe
Detroit Tigers,Bob,Swift
Detroit Tigers,George,Stallings
Detroit Tigers,Mayo,Smith
Detroit Tigers,Frank,Skaff
Detroit Tigers,Luis,Pujols
Detroit Tigers,Cy,Perkins
Detroit Tigers,Larry,Parrish
Detroit Tigers,Steve,O'Neill
Detroit Tigers,Bill,Norman
Detroit Tigers,Les,Moss
Detroit Tigers,George,Moriarty
Detroit Tigers,Billy,Martin
Detroit Tigers,Jim,Leyland
Detroit Tigers,Hughie,Jennings
Detroit Tigers,Fred,Hutchinson
Detroit Tigers,Ralph,Houk
Detroit Tigers,Billy,Hitchcock
Detroit Tigers,Bucky,Harris
Detroit Tigers,Joe,Gordon
Detroit Tigers,Phil,Garner
Detroit Tigers,Jimmy,Dykes
Detroit Tigers,Frank,Dwyer
Detroit Tigers,Chuck,Dressen
Detroit Tigers,Mickey,Cochrane
Detroit Tigers,Buddy,Bell
Detroit Tigers,Ed,Barrow
Detroit Tigers,Del,Baker
Detroit Tigers,Brad,Ausmus
Detroit Tigers,Bill,Armour
Detroit Tigers,Sparky,Anderson
Detroit Tigers,Joe,Schultz
Detroit Tigers,Bob,Scheffing
Detroit Tigers,Red,Rolfe
Detroit Wolverines,Bill,Watkins
Detroit Wolverines,Bob,Leadley
Detroit Wolverines,Jack,Chapman
Detroit Wolverines,Frank,Bancroft
Elizabeth Resolutes,Doug,Allison
Florida Marlins,Jeff,Torborg
Florida Marlins,Cookie,Rojas
Florida Marlins,Edwin,Rodriguez
Florida Marlins,Tony,Perez
Florida Marlins,Jack,McKeon
Florida Marlins,Jim,Leyland
Florida Marlins,Rene,Lachemann
Florida Marlins,Brandon,Hyde
Florida Marlins,Fredi,Gonzalez
Florida Marlins,Joe,Girardi
Florida Marlins,John,Boles
Houston Astros,Bill,Virdon
Houston Astros,Bo,Porter
Houston Astros,Salty,Parker
Houston Astros,Brad,Mills
Houston Astros,Bob,Lillis
Houston Astros,Tom,Lawless
Houston Astros,Hal,Lanier
Houston Astros,Art,Howe
Houston Astros,A. J.,Hinch
Houston Astros,Grady,Hatton
Houston Astros,Lum,Harris
Houston Astros,Preston,Gomez
Houston Astros,Phil,Garner
Houston Astros,Matt,Galante
Houston Astros,Leo,Durocher
Houston Astros,Larry,Dierker
Houston Astros,Tony,DeFrancesco
Houston Astros,Harry,Craft
Houston Astros,Cecil,Cooper
Houston Astros,Terry,Collins
Houston Astros,Dave,Clark
Houston Astros,Jimy,Williams
Houston Astros,Harry,Walker
Houston Colt .45's,Bob,Lillis
Houston Colt .45's,Tom,Lawless
Houston Colt .45's,Hal,Lanier
Houston Colt .45's,Art,Howe
Houston Colt .45's,A. J.,Hinch
Houston Colt .45's,Grady,Hatton
Houston Colt .45's,Lum,Harris
Houston Colt .45's,Preston,Gomez
Houston Colt .45's,Phil,Garner
Houston Colt .45's,Matt,Galante
Houston Colt .45's,Leo,Durocher
Houston Colt .45's,Larry,Dierker
Houston Colt .45's,Tony,DeFrancesco
Houston Colt .45's,Harry,Craft
Houston Colt .45's,Cecil,Cooper
Houston Colt .45's,Terry,Collins
Houston Colt .45's,Dave,Clark
Houston Colt .45's,Jimy,Williams
Houston Colt .45's,Harry,Walker
Houston Colt .45's,Bill,Virdon
Houston Colt .45's,Bo,Porter
Houston Colt .45's,Salty,Parker
Houston Colt .45's,Brad,Mills
Indianapolis Hoosiers,Jim,Gifford
Indianapolis Hoosiers,Fred,Thomas
Indianapolis Hoosiers,Harry,Spence
Indianapolis Hoosiers,Horace,Fogel
Indianapolis Hoosiers,Watch,Burnham
Indianapolis Hoosiers,Frank,Bancroft
Indianapolis Hoosiers,Bill,Phillips
Kansas City Athletics,Harry,Craft
Kansas City Athletics,Lou,Boudreau
Kansas City Athletics,Hank,Bauer
Kansas City Athletics,Luke,Appling
Kansas City Athletics,Haywood,Sullivan
Kansas City Athletics,Mel,McGaha
Kansas City Athletics,Eddie,Lopat
Kansas City Athletics,Joe,Gordon
Kansas City Athletics,Bob,Elliott
Kansas City Athletics,Al,Dark
Kansas City Cowboys,Bill,Watkins
Kansas City Royals,Ned,Yost
Kansas City Royals,John,Wathan
Kansas City Royals,Bob,Schaefer
Kansas City Royals,Tony,Pena
Kansas City Royals,Tony,Muser
Kansas City Royals,John,Mizerock
Kansas City Royals,Charlie,Metro
Kansas City Royals,Hal,McRae
Kansas City Royals,Jack,McKeon
Kansas City Royals,Bob,Lemon
Kansas City Royals,Dick,Howser
Kansas City Royals,Trey,Hillman
Kansas City Royals,Whitey,Herzog
Kansas City Royals,Joe,Gordon
Kansas City Royals,Billy,Gardner
Kansas City Royals,Jim,Frey
Kansas City Royals,Mike,Ferraro
Kansas City Royals,Bob,Boone
Kansas City Royals,Buddy,Bell
Los Angeles Angels,Mike,Scioscia
Los Angeles Angels,Bill,Rigney
Los Angeles Angels of Anaheim,Mike,Scioscia
Los Angeles Angels of Anaheim,Bill,Rigney
Los Angeles Dodgers,Jim,Tracy
Los Angeles Dodgers,Joe,Torre
Los Angeles Dodgers,Bill,Russell
Los Angeles Dodgers,Dave,Roberts
Los Angeles Dodgers,Don,Mattingly
Los Angeles Dodgers,Grady,Little
Los Angeles Dodgers,Tom,Lasorda
Los Angeles Dodgers,Davey,Johnson
Los Angeles Dodgers,Glenn,Hoffman
Los Angeles Dodgers,Walter,Alston
Louisville Colonels,Mike,Walsh
Louisville Colonels,John,Kelly
Louisville Colonels,Jim,Hart
Louisville Colonels,Mordecai,Davidson
Louisville Colonels,Jack,Chapman
Louisville Colonels,Bill,McGunnigle
Louisville Colonels,John,McCloskey
Louisville Colonels,Billy,Barnie
Louisville Eclipse,Mike,Walsh
Louisville Eclipse,John,Kelly
Louisville Eclipse,Jim,Hart
Louisville Eclipse,Mordecai,Davidson
Louisville Eclipse,Jack,Chapman
Louisville Grays,Jack,Chapman
Miami Marlins,Mike,Redmond
Miami Marlins,Don,Mattingly
Miami Marlins,Dan,Jennings
Miami Marlins,Ozzie,Guillen
Milwaukee Braves,Birdie,Tebbetts
Milwaukee Braves,Fred,Haney
Milwaukee Braves,Charlie,Grimm
Milwaukee Braves,Chuck,Dressen
Milwaukee Braves,Bobby,Bragan
Milwaukee Brewers,Tom,Loftus
Milwaukee Brewers,Charlie,Cushman
Milwaukee Brewers,Del,Crandall
Milwaukee Brewers,Dave,Bristol
Milwaukee Brewers,George,Bamberger
Milwaukee Brewers,Tom,Trebelhorn
Milwaukee Brewers,Buck,Rodgers
Milwaukee Brewers,Roy,McMillan
Milwaukee Brewers,Rene,Lachemann
Milwaukee Brewers,Harvey,Kuenn
Milwaukee Brewers,Alex,Grammas
Milwaukee Brewers,Phil,Garner
Milwaukee Brewers,Ned,Yost
Milwaukee Brewers,Dale,Sveum
Milwaukee Brewers,Jerry,Royster
Milwaukee Brewers,Ron,Roenicke
Milwaukee Brewers,Ken,Macha
Milwaukee Brewers,Davey,Lopes
Milwaukee Brewers,Jim,Lefebvre
Milwaukee Brewers,Craig,Counsell
Milwaukee Grays,Jack,Chapman
Minnesota Twins,Bill,Rigney
Minnesota Twins,Frank,Quilici
Minnesota Twins,Paul,Molitor
Minnesota Twins,Ray,Miller
Minnesota Twins,Sam,Mele
Minnesota Twins,Gene,Mauch
Minnesota Twins,Billy,Martin
Minnesota Twins,Cookie,Lavagetto
Minnesota Twins,Tom,Kelly
Minnesota Twins,Johnny,Goryl
Minnesota Twins,Billy,Gardner
Minnesota Twins,Ron,Gardenhire
Minnesota Twins,Cal,Ermer
Montreal Expos,Felipe,Alou
Montreal Expos,Dick,Williams
Montreal Expos,Bill,Virdon
Montreal Expos,Jeff,Torborg
Montreal Expos,Tom,Runnells
Montreal Expos,Buck,Rodgers
Montreal Expos,Frank,Robinson
Montreal Expos,Gene,Mauch
Montreal Expos,Karl,Kuehl
Montreal Expos,Charlie,Fox
Montreal Expos,Jim,Fanning
New York Giants,Leo,Durocher
New York Giants,Harvey,Watkins
New York Giants,Bill,Terry
New York Giants,Bill,Rigney
New York Giants,Jim,Price
New York Giants,Pat,Powers
New York Giants,Mel,Ott
New York Giants,Jim,Mutrie
New York Giants,John,McGraw
New York Giants,Hughie,Jennings
New York Giants,Arthur,Irwin
New York Giants,Fred,Hoey
New York Giants,Horace,Fogel
New York Giants,Buck,Ewing
New York Giants,John,Day
New York Giants,Cap,Anson
New York Gothams,Harvey,Watkins
New York Gothams,Bill,Terry
New York Gothams,Bill,Rigney
New York Gothams,Jim,Price
New York Gothams,Pat,Powers
New York Gothams,Mel,Ott
New York Gothams,Jim,Mutrie
New York Gothams,John,McGraw
New York Gothams,Hughie,Jennings
New York Gothams,Arthur,Irwin
New York Gothams,Fred,Hoey
New York Gothams,Horace,Fogel
New York Gothams,Buck,Ewing
New York Gothams,Leo,Durocher
New York Gothams,John,Day
New York Gothams,Cap,Anson
New York Highlanders,Bucky,Harris
New York Highlanders,Clark,Griffith
New York Highlanders,Dallas,Green
New York Highlanders,Joe,Girardi
New York Highlanders,Art,Fletcher
New York Highlanders,Bill,Donovan
New York Highlanders,Bucky,Dent
New York Highlanders,Yogi,Berra
New York Highlanders,Bill,Virdon
New York Highlanders,Joe,Torre
New York Highlanders,Casey,Stengel
New York Highlanders,George,Stallings
New York Highlanders,Buck,Showalter
New York Highlanders,Bob,Shawkey
New York Highlanders,Lou,Piniella
New York Highlanders,Johnny,Neun
New York Highlanders,Gene,Michael
New York Highlanders,Stump,Merrill
New York Highlanders,Joe,McCarthy
New York Highlanders,Billy,Martin
New York Highlanders,Bob,Lemon
New York Highlanders,Clyde,King
New York Highlanders,Johnny,Keane
New York Highlanders,Miller,Huggins
New York Highlanders,Dick,Howser
New York Highlanders,Ralph,Houk
New York Metropolitans,Jim,Mutrie
New York Metropolitans,Jim,Gifford
New York Metropolitans,Bob,Ferguson
New York Metropolitans,Ollie,Caylor
New York Mets,Gil,Hodges
New York Mets,Bud,Harrelson
New York Mets,Dallas,Green
New York Mets,Joe,Frazier
New York Mets,Mike,Cubbage
New York Mets,Terry,Collins
New York Mets,Yogi,Berra
New York Mets,George,Bamberger
New York Mets,Wes,Westrum
New York Mets,Bobby,Valentine
New York Mets,Joe,Torre
New York Mets,Jeff,Torborg
New York Mets,Casey,Stengel
New York Mets,Willie,Randolph
New York Mets,Salty,Parker
New York Mets,Roy,McMillan
New York Mets,Jerry,Manuel
New York Mets,Davey,Johnson
New York Mets,Art,Howe
New York Mets,Frank,Howard
New York Mutuals,Bill,Craver
New York Yankees,Joe,Girardi
New York Yankees,Art,Fletcher
New York Yankees,Bill,Donovan
New York Yankees,Bucky,Dent
New York Yankees,Yogi,Berra
New York Yankees,Bill,Virdon
New York Yankees,Joe,Torre
New York Yankees,Casey,Stengel
New York Yankees,George,Stallings
New York Yankees,Buck,Showalter
New York Yankees,Bob,Shawkey
New York Yankees,Lou,Piniella
New York Yankees,Johnny,Neun
New York Yankees,Gene,Michael
New York Yankees,Stump,Merrill
New York Yankees,Joe,McCarthy
New York Yankees,Billy,Martin
New York Yankees,Bob,Lemon
New York Yankees,Clyde,King
New York Yankees,Johnny,Keane
New York Yankees,Miller,Huggins
New York Yankees,Dick,Howser
New York Yankees,Ralph,Houk
New York Yankees,Bucky,Harris
New York Yankees,Clark,Griffith
New York Yankees,Dallas,Green
Newark Pepper,Bill,Phillips
Oakland Athletics,Bobby,Winkles
Oakland Athletics,Dick,Williams
Oakland Athletics,Chuck,Tanner
Oakland Athletics,Jeff,Newman
Oakland Athletics,Jackie,Moore
Oakland Athletics,Bob,Melvin
Oakland Athletics,John,McNamara
Oakland Athletics,Jack,McKeon
Oakland Athletics,Billy,Martin
Oakland Athletics,Jim,Marshall
Oakland Athletics,Ken,Macha
Oakland Athletics,Tony,LaRussa
Oakland Athletics,Bob,Kennedy
Oakland Athletics,Art,Howe
Oakland Athletics,Bob,Geren
Oakland Athletics,Al,Dark
Oakland Athletics,Steve,Boros
Oakland Athletics,Hank,Bauer
Philadelphia Athletics,Lew,Simmons
Philadelphia Athletics,Bill,Sharsig
Philadelphia Athletics,Charlie,Mason
Philadelphia Athletics,Frank,Bancroft
Philadelphia Athletics,Al,Wright
Philadelphia Athletics,Jimmy,Dykes
Philadelphia Athletics,Earle,Mack
Philadelphia Athletics,Connie,Mack
Philadelphia Blue Jays,John,Felske
Philadelphia Blue Jays,Mayo,Smith
Philadelphia Blue Jays,Lee,Elia
Philadelphia Blue Jays,Bob,Skinner
Philadelphia Blue Jays,Bill,Donovan
Philadelphia Blue Jays,Burt,Shotton
Philadelphia Blue Jays,Pat,Corrales
Philadelphia Blue Jays,Bill,Shettsline
Philadelphia Blue Jays,Jack,Coombs
Philadelphia Blue Jays,Eddie,Sawyer
Philadelphia Blue Jays,Ryne,Sandberg
Philadelphia Blue Jays,Al,Reach
Philadelphia Blue Jays,Doc,Prothro
Philadelphia Blue Jays,Danny,Ozark
Philadelphia Blue Jays,Paul,Owens
Philadelphia Blue Jays,Steve,O'Neill
Philadelphia Blue Jays,George,Myatt
Philadelphia Blue Jays,Billy,Murray
Philadelphia Blue Jays,Pat,Moran
Philadelphia Blue Jays,Terry,Moore
Philadelphia Blue Jays,Gene,Mauch
Philadelphia Blue Jays,Charlie,Manuel
Philadelphia Blue Jays,Pete,Mackanin
Philadelphia Blue Jays,Frank,Lucchesi
Philadelphia Blue Jays,Hans,Lobert
Philadelphia Blue Jays,Nick,Leyva
Philadelphia Blue Jays,Arthur,Irwin
Philadelphia Blue Jays,Bucky,Harris
Philadelphia Blue Jays,Dallas,Green
Philadelphia Blue Jays,Jim,Fregosi
Philadelphia Blue Jays,Harry,Wright
Philadelphia Blue Jays,Terry,Francona
Philadelphia Blue Jays,Kaiser,Wilhelm
Philadelphia Blue Jays,Art,Fletcher
Philadelphia Blue Jays,John,Vukovich
Philadelphia Blue Jays,Freddie,Fitzsimmons
Philadelphia Blue Jays,Gary,Varsho
Philadelphia Blue Jays,Dusty,Cooke
Philadelphia Blue Jays,Andy,Cohen
Philadelphia Blue Jays,Ben,Chapman
Philadelphia Blue Jays,Larry,Bowa
Philadelphia Phillies,John,Felske
Philadelphia Phillies,Mayo,Smith
Philadelphia Phillies,Lee,Elia
Philadelphia Phillies,Bob,Skinner
Philadelphia Phillies,Bill,Donovan
Philadelphia Phillies,Burt,Shotton
Philadelphia Phillies,Pat,Corrales
Philadelphia Phillies,Bill,Shettsline
Philadelphia Phillies,Jack,Coombs
Philadelphia Phillies,Eddie,Sawyer
Philadelphia Phillies,Dusty,Cooke
Philadelphia Phillies,Ryne,Sandberg
Philadelphia Phillies,Andy,Cohen
Philadelphia Phillies,Al,Reach
Philadelphia Phillies,Ben,Chapman
Philadelphia Phillies,Doc,Prothro
Philadelphia Phillies,Larry,Bowa
Philadelphia Phillies,Danny,Ozark
Philadelphia Phillies,Paul,Owens
Philadelphia Phillies,Steve,O'Neill
Philadelphia Phillies,George,Myatt
Philadelphia Phillies,Billy,Murray
Philadelphia Phillies,Pat,Moran
Philadelphia Phillies,Terry,Moore
Philadelphia Phillies,Gene,Mauch
Philadelphia Phillies,Charlie,Manuel
Philadelphia Phillies,Pete,Mackanin
Philadelphia Phillies,Frank,Lucchesi
Philadelphia Phillies,Hans,Lobert
Philadelphia Phillies,Nick,Leyva
Philadelphia Phillies,Arthur,Irwin
Philadelphia Phillies,Bucky,Harris
Philadelphia Phillies,Dallas,Green
Philadelphia Phillies,Jim,Fregosi
Philadelphia Phillies,Harry,Wright
Philadelphia Phillies,Terry,Francona
Philadelphia Phillies,Kaiser,Wilhelm
Philadelphia Phillies,Art,Fletcher
Philadelphia Phillies,John,Vukovich
Philadelphia Phillies,Freddie,Fitzsimmons
Philadelphia Phillies,Gary,Varsho
Philadelphia Quakers,Nick,Leyva
Philadelphia Quakers,Arthur,Irwin
Philadelphia Quakers,Bucky,Harris
Philadelphia Quakers,Dallas,Green
Philadelphia Quakers,Jim,Fregosi
Philadelphia Quakers,Harry,Wright
Philadelphia Quakers,Terry,Francona
Philadelphia Quakers,Kaiser,Wilhelm
Philadelphia Quakers,Art,Fletcher
Philadelphia Quakers,John,Vukovich
Philadelphia Quakers,Freddie,Fitzsimmons
Philadelphia Quakers,Gary,Varsho
Philadelphia Quakers,John,Felske
Philadelphia Quakers,Mayo,Smith
Philadelphia Quakers,Lee,Elia
Philadelphia Quakers,Bob,Skinner
Philadelphia Quakers,Bill,Donovan
Philadelphia Quakers,Burt,Shotton
Philadelphia Quakers,Pat,Corrales
Philadelphia Quakers,Bill,Shettsline
Philadelphia Quakers,Jack,Coombs
Philadelphia Quakers,Eddie,Sawyer
Philadelphia Quakers,Dusty,Cooke
Philadelphia Quakers,Ryne,Sandberg
Philadelphia Quakers,Andy,Cohen
Philadelphia Quakers,Al,Reach
Philadelphia Quakers,Ben,Chapman
Philadelphia Quakers,Doc,Prothro
Philadelphia Quakers,Larry,Bowa
Philadelphia Quakers,Danny,Ozark
Philadelphia Quakers,Paul,Owens
Philadelphia Quakers,Steve,O'Neill
Philadelphia Quakers,George,Myatt
Philadelphia Quakers,Billy,Murray
Philadelphia Quakers,Pat,Moran
Philadelphia Quakers,Terry,Moore
Philadelphia Quakers,Gene,Mauch
Philadelphia Quakers,Charlie,Manuel
Philadelphia Quakers,Pete,Mackanin
Philadelphia Quakers,Frank,Lucchesi
Philadelphia Quakers,Hans,Lobert
Pittsburg Alleghenys,Gene,Lamont
Pittsburg Alleghenys,Clint,Hurdle
Pittsburg Alleghenys,Fred,Haney
Pittsburg Alleghenys,Alex,Grammas
Pittsburg Alleghenys,George,Gibson
Pittsburg Alleghenys,Frankie,Frisch
Pittsburg Alleghenys,Jewel,Ens
Pittsburg Alleghenys,Spud,Davis
Pittsburg Alleghenys,Fred,Clarke
Pittsburg Alleghenys,Jimmy,Callahan
Pittsburg Alleghenys,Donie,Bush
Pittsburg Alleghenys,Bill,Burwell
Pittsburg Alleghenys,Al,Buckenberger
Pittsburg Alleghenys,Bobby,Bragan
Pittsburg Alleghenys,Bill,Watkins
Pittsburg Alleghenys,Hugo,Bezdek
Pittsburg Alleghenys,Harry,Walker
Pittsburg Alleghenys,Bill,Virdon
Pittsburg Alleghenys,Pie,Traynor
Pittsburg Alleghenys,Jim,Tracy
Pittsburg Alleghenys,Chuck,Tanner
Pittsburg Alleghenys,Larry,Shepard
Pittsburg Alleghenys,John,Russell
Pittsburg Alleghenys,Danny,Murtaugh
Pittsburg Alleghenys,Billy,Meyer
Pittsburg Alleghenys,Bill,McKechnie
Pittsburg Alleghenys,Bill,McGunnigle
Pittsburg Alleghenys,Lloyd,McClendon
Pittsburg Alleghenys,Pete,Mackanin
Pittsburg Alleghenys,Jim,Leyland
Pittsburg Alleghenys,Al,Pratt
Pittsburg Alleghenys,Horace,Phillips
Pittsburg Alleghenys,Denny,McKnight
Pittsburg Alleghenys,Ormond,Butler
Pittsburgh Pirates,Bill,Burwell
Pittsburgh Pirates,Al,Buckenberger
Pittsburgh Pirates,Bill,Watkins
Pittsburgh Pirates,Bobby,Bragan
Pittsburgh Pirates,Harry,Walker
Pittsburgh Pirates,Hugo,Bezdek
Pittsburgh Pirates,Bill,Virdon
Pittsburgh Pirates,Pie,Traynor
Pittsburgh Pirates,Jim,Tracy
Pittsburgh Pirates,Chuck,Tanner
Pittsburgh Pirates,Larry,Shepard
Pittsburgh Pirates,John,Russell
Pittsburgh Pirates,Horace,Phillips
Pittsburgh Pirates,Danny,Murtaugh
Pittsburgh Pirates,Billy,Meyer
Pittsburgh Pirates,Bill,McKechnie
Pittsburgh Pirates,Bill,McGunnigle
Pittsburgh Pirates,Lloyd,McClendon
Pittsburgh Pirates,Pete,Mackanin
Pittsburgh Pirates,Jim,Leyland
Pittsburgh Pirates,Gene,Lamont
Pittsburgh Pirates,Clint,Hurdle
Pittsburgh Pirates,Fred,Haney
Pittsburgh Pirates,Alex,Grammas
Pittsburgh Pirates,George,Gibson
Pittsburgh Pirates,Frankie,Frisch
Pittsburgh Pirates,Jewel,Ens
Pittsburgh Pirates,Spud,Davis
Pittsburgh Pirates,Fred,Clarke
Pittsburgh Pirates,Jimmy,Callahan
Pittsburgh Pirates,Donie,Bush
Pittsburgh Rebels,Doc,Gessler
Providence Grays,Harry,Wright
Providence Grays,Frank,Bancroft
Richmond Virginians,Felix,Moses
Rochester Broncos,Pat,Powers
San Diego Padres,Don,Zimmer
San Diego Padres,Dick,Williams
San Diego Padres,Bob,Skinner
San Diego Padres,Dave,Roberts
San Diego Padres,Jim,Riggleman
San Diego Padres,Greg,Riddoch
San Diego Padres,Pat,Murphy
San Diego Padres,John,McNamara
San Diego Padres,Jack,McKeon
San Diego Padres,Frank,Howard
San Diego Padres,Andy,Green
San Diego Padres,Preston,Gomez
San Diego Padres,Al,Dark
San Diego Padres,Roger,Craig
San Diego Padres,Jerry,Coleman
San Diego Padres,Larry,Bowa
San Diego Padres,Steve,Boros
San Diego Padres,Bruce,Bochy
San Diego Padres,Buddy,Black
San Francisco Giants,Joe,Altobelli
San Francisco Giants,Felipe,Alou
San Francisco Giants,Wes,Westrum
San Francisco Giants,Tom,Sheehan
San Francisco Giants,Frank,Robinson
San Francisco Giants,Bill,Rigney
San Francisco Giants,Danny,Ozark
San Francisco Giants,Clyde,King
San Francisco Giants,Herman,Franks
San Francisco Giants,Charlie,Fox
San Francisco Giants,Jim,Davenport
San Francisco Giants,Al,Dark
San Francisco Giants,Roger,Craig
San Francisco Giants,Dave,Bristol
San Francisco Giants,Bruce,Bochy
San Francisco Giants,Dusty,Baker
Seattle Mariners,Scott,Servais
Seattle Mariners,Jim,Riggleman
Seattle Mariners,Maury,Wills
Seattle Mariners,Dick,Williams
Seattle Mariners,Eric,Wedge
Seattle Mariners,Don,Wakamatsu
Seattle Mariners,Jim,Snyder
Seattle Mariners,Bill,Plummer
Seattle Mariners,Lou,Piniella
Seattle Mariners,Bob,Melvin
Seattle Mariners,John,McLaren
Seattle Mariners,Lloyd,McClendon
Seattle Mariners,Marty,Martinez
Seattle Mariners,Jim,Lefebvre
Seattle Mariners,Rene,Lachemann
Seattle Mariners,Darrell,Johnson
Seattle Mariners,Mike,Hargrove
Seattle Mariners,Del,Crandall
Seattle Mariners,Chuck,Cottier
Seattle Mariners,Daren,Brown
Seattle Pilots,Joe,Schultz
St. Louis Brown Stockings,George,McManus
St. Louis Brown Stockings,Mase,Graffen
St. Louis Brown Stockings,Jimmy,Williams
St. Louis Brown Stockings,Ted,Sullivan
St. Louis Browns,Jimmy,Williams
St. Louis Browns,Ted,Sullivan
St. Louis Browns,Johnny,Keane
St. Louis Browns,Mike,Jorgensen
St. Louis Browns,Fred,Hutchinson
St. Louis Browns,Tim,Hurst
St. Louis Browns,Miller,Huggins
St. Louis Browns,Whitey,Herzog
St. Louis Browns,Jack,Hendricks
St. Louis Browns,Solly,Hemus
St. Louis Browns,Louie,Heilbroner
St. Louis Browns,Stan,Hack
St. Louis Browns,Bill,Watkins
St. Louis Browns,Mike,Gonzalez
St. Louis Browns,Chris,Von Der Ahe
St. Louis Browns,Frankie,Frisch
St. Louis Browns,Joe,Torre
St. Louis Browns,Eddie,Dyer
St. Louis Browns,Gabby,Street
St. Louis Browns,Harry,Diddlebock
St. Louis Browns,Eddie,Stanky
St. Louis Browns,Al,Buckenberger
St. Louis Browns,Billy,Southworth
St. Louis Browns,Ken,Boyer
St. Louis Browns,Red,Schoendienst
St. Louis Browns,Ray,Blades
St. Louis Browns,Stan,Robison
St. Louis Browns,Branch,Rickey
St. Louis Browns,Vern,Rapp
St. Louis Browns,Lou,Phelan
St. Louis Browns,Hugh,Nicol
St. Louis Browns,Doggie,Miller
St. Louis Browns,Bill,McKechnie
St. Louis Browns,John,McCloskey
St. Louis Browns,Mike,Matheny
St. Louis Browns,Marty,Marion
St. Louis Browns,Tony,LaRussa
St. Louis Browns,Jack,Krol
St. Louis Browns,Jimmy,McAleer
St. Louis Browns,Bill,Killefer
St. Louis Browns,Fielder,Jones
St. Louis Browns,Dan,Howley
St. Louis Browns,Rogers,Hornsby
St. Louis Browns,Fred,Haney
St. Louis Browns,Lee,Fohl
St. Louis Browns,Jimmy,Burke
St. Louis Browns,Zack,Taylor
St. Louis Browns,Allan,Sothoron
St. Louis Browns,Luke,Sewell
St. Louis Browns,Muddy,Ruel
St. Louis Browns,Ski,Melillo
St. Louis Cardinals,John,McCloskey
St. Louis Cardinals,Mike,Matheny
St. Louis Cardinals,Marty,Marion
St. Louis Cardinals,Tony,LaRussa
St. Louis Cardinals,Jack,Krol
St. Louis Cardinals,Johnny,Keane
St. Louis Cardinals,Mike,Jorgensen
St. Louis Cardinals,Fred,Hutchinson
St. Louis Cardinals,Tim,Hurst
St. Louis Cardinals,Miller,Huggins
St. Louis Cardinals,Whitey,Herzog
St. Louis Cardinals,Jack,Hendricks
St. Louis Cardinals,Solly,Hemus
St. Louis Cardinals,Louie,Heilbroner
St. Louis Cardinals,Stan,Hack
St. Louis Cardinals,Bill,Watkins
St. Louis Cardinals,Mike,Gonzalez
St. Louis Cardinals,Chris,Von Der Ahe
St. Louis Cardinals,Frankie,Frisch
St. Louis Cardinals,Joe,Torre
St. Louis Cardinals,Eddie,Dyer
St. Louis Cardinals,Gabby,Street
St. Louis Cardinals,Harry,Diddlebock
St. Louis Cardinals,Eddie,Stanky
St. Louis Cardinals,Al,Buckenberger
St. Louis Cardinals,Billy,Southworth
St. Louis Cardinals,Ken,Boyer
St. Louis Cardinals,Red,Schoendienst
St. Louis Cardinals,Ray,Blades
St. Louis Cardinals,Stan,Robison
St. Louis Cardinals,Branch,Rickey
St. Louis Cardinals,Vern,Rapp
St. Louis Cardinals,Lou,Phelan
St. Louis Cardinals,Hugh,Nicol
St. Louis Cardinals,Doggie,Miller
St. Louis Cardinals,Bill,McKechnie
St. Louis Maroons,Ted,Sullivan
St. Louis Maroons,Gus,Schmelz
St. Louis Perfectos,Fred,Hutchinson
St. Louis Perfectos,Tim,Hurst
St. Louis Perfectos,Miller,Huggins
St. Louis Perfectos,Whitey,Herzog
St. Louis Perfectos,Jack,Hendricks
St. Louis Perfectos,Solly,Hemus
St. Louis Perfectos,Louie,Heilbroner
St. Louis Perfectos,Stan,Hack
St. Louis Perfectos,Bill,Watkins
St. Louis Perfectos,Mike,Gonzalez
St. Louis Perfectos,Chris,Von Der Ahe
St. Louis Perfectos,Frankie,Frisch
St. Louis Perfectos,Joe,Torre
St. Louis Perfectos,Eddie,Dyer
St. Louis Perfectos,Gabby,Street
St. Louis Perfectos,Harry,Diddlebock
St. Louis Perfectos,Eddie,Stanky
St. Louis Perfectos,Al,Buckenberger
St. Louis Perfectos,Billy,Southworth
St. Louis Perfectos,Ken,Boyer
St. Louis Perfectos,Red,Schoendienst
St. Louis Perfectos,Ray,Blades
St. Louis Perfectos,Stan,Robison
St. Louis Perfectos,Branch,Rickey
St. Louis Perfectos,Vern,Rapp
St. Louis Perfectos,Lou,Phelan
St. Louis Perfectos,Hugh,Nicol
St. Louis Perfectos,Doggie,Miller
St. Louis Perfectos,Bill,McKechnie
St. Louis Perfectos,John,McCloskey
St. Louis Perfectos,Mike,Matheny
St. Louis Perfectos,Marty,Marion
St. Louis Perfectos,Tony,LaRussa
St. Louis Perfectos,Jack,Krol
St. Louis Perfectos,Johnny,Keane
St. Louis Perfectos,Mike,Jorgensen
St. Paul White Caps,Andrew,Thompson
Syracuse Stars,George,Frazer
Syracuse Stars,Wally,Fessenden
Tampa Bay Devil Rays,Larry,Rothschild
Tampa Bay Devil Rays,Lou,Piniella
Tampa Bay Devil Rays,Hal,McRae
Tampa Bay Devil Rays,Joe,Maddon
Tampa Bay Devil Rays,Kevin,Cash
Tampa Bay Rays,Kevin,Cash
Tampa Bay Rays,Larry,Rothschild
Tampa Bay Rays,Lou,Piniella
Tampa Bay Rays,Hal,McRae
Tampa Bay Rays,Joe,Maddon
Texas Rangers,Don,Zimmer
Texas Rangers,Ted,Williams
Texas Rangers,Del,Wilber
Texas Rangers,Ron,Washington
Texas Rangers,Bobby,Valentine
Texas Rangers,Eddie,Stanky
Texas Rangers,Buck,Showalter
Texas Rangers,Connie,Ryan
Texas Rangers,Doug,Rader
Texas Rangers,Johnny,Oates
Texas Rangers,Jerry,Narron
Texas Rangers,Billy,Martin
Texas Rangers,Frank,Lucchesi
Texas Rangers,Kevin,Kennedy
Texas Rangers,Darrell,Johnson
Texas Rangers,Billy,Hunter
Texas Rangers,Whitey,Herzog
Texas Rangers,Toby,Harrah
Texas Rangers,Pat,Corrales
Texas Rangers,Tim,Bogar
Texas Rangers,Jeff,Banister
Toledo Maumees,Charlie,Morton
Toronto Blue Jays,Jimy,Williams
Toronto Blue Jays,Carlos,Tosca
Toronto Blue Jays,Gene,Tenace
Toronto Blue Jays,Mel,Queen
Toronto Blue Jays,Bobby,Mattick
Toronto Blue Jays,Buck,Martinez
Toronto Blue Jays,Tim,Johnson
Toronto Blue Jays,Roy,Hartsfield
Toronto Blue Jays,John,Gibbons
Toronto Blue Jays,Cito,Gaston
Toronto Blue Jays,Jim,Fregosi
Toronto Blue Jays,John,Farrell
Toronto Blue Jays,Bobby,Cox
Troy Trojans,Horace,Phillips
Washington Blue Legs,Nick,Young
Washington Nationals,Holly,Hollingshead
Washington Nationals,John,Bickerton
Washington Nationals,Mike,Scanlon
Washington Nationals,Ted,Sullivan
Washington Nationals,Walter,Hewett
Washington Nationals,John,Gaffney
Washington Nationals,Matt,Williams
Washington Nationals,Gus,Schmelz
Washington Nationals,Frank,Robinson
Washington Nationals,Jim,Riggleman
Washington Nationals,John,McLaren
Washington Nationals,Davey,Johnson
Washington Nationals,Arthur,Irwin
Washington Nationals,Billy,Barnie
Washington Nationals,Dusty,Baker
Washington Nationals,Manny,Acta
Washington Olympics,Nick,Young
Washington Senators,Matt,Williams
Washington Senators,Gus,Schmelz
Washington Senators,Frank,Robinson
Washington Senators,Jim,Riggleman
Washington Senators,John,McLaren
Washington Senators,Davey,Johnson
Washington Senators,Arthur,Irwin
Washington Senators,Billy,Barnie
Washington Senators,Dusty,Baker
Washington Senators,Manny,Acta
Washington Senators,George,McBride
Washington Senators,Jimmy,McAleer
Washington Senators,Jim,Manning
Washington Senators,Tom,Loftus
Washington Senators,Cookie,Lavagetto
Washington Senators,Joe,Kuhel
Washington Senators,Walter,Johnson
Washington Senators,Bucky,Harris
Washington Senators,Clark,Griffith
Washington Senators,Chuck,Dressen
Washington Senators,Joe,Cantillon
Washington Senators,Ossie,Bluege
Washington Senators,Eddie,Yost
Washington Senators,Ted,Williams
Washington Senators,Mickey,Vernon
Washington Senators,Jim,Lemon
Washington Senators,Gil,Hodges
Washington Statesmen,Sam,Trott
Wilmington Quicksteps,Joe,Simmons
Worcester Ruby Legs,Jack,Chapman
Worcester Ruby Legs,Freeman,Brown
Worcester Ruby Legs,Frank,Bancroft
